id,name
1,0a3da9dddea84736558af3f7729e1a81
2,ec9b26d23b836cce5869b3ce8466a5a9
3,407eb5a77e3c7e39ff74ff061ed4f581
4,009e96887f32297c8066bc372ddf2401
5,825e500315998e1a5e2da18bfc90f59e
6,1ad8ea9f19dc568e7cf02da893c1922c
7,f28c38be0d16737cfcef4c8b6443c31f
8,36e4b82e4d115c94083fdb6a4b6de8a0
9,e78e1dd35ab4aa4246903a2093f23f70
10,20bb30c0ec01e34698b87e58ff270974
11,32f57bcca6e4ad766e569c3c672a5cf1
12,f7688f0dfe541c294ea8a50c556fee5e
13,52eff559ca14b28e666ca838476f99a1
14,dec927ab498f56b1ff60f739cb2e41da
15,f6e5a09051107ef4fdbe36ce07090fe7
16,214886660e4bc2fb5249a2c7a5a283fa
17,f43e229de9f0af8207feb416d2e823fc
18,cb9aa6746a964b3078081b3ada0bc8df
19,14712cb4d040173f9e6b410fa772a3a3
20,ebfc26bd6d8ab51883e98449d91372d3
21,e8b512064f9766a362e266d8a117840e
22,c78170825b3283ba220673bd61323c31
23,73473b405e47cbb800530851ac427b19
24,848e10a2ddeb00c78e5a72d443174297
25,d7df78e5ee0e2e7ead71cabbf5af894c
26,28e52ae3a487053f3433ab19bed40db9
27,b1b1f07a1f47a69a262c5606e8ab04b0
28,b2fac5b260b350b76cfc23eff8092ec2
29,59b7c32a25d0a3e3203aa5c5db2c86e8
30,11a980ba1614f739534ab964b971ba5b
31,c7ccd86da022ca979cbdd6ee4204d854
32,45cc152c2f1450a7893905a2ec81fe50
33,87bb2ab420a3994de4a6ce0ad0b29be6
34,141b65d50f03c2fc005a9468a964eeb9
35,8e18753015c594007cbd0c36fe0d9e44
36,82e3f035c53b48108968614543788f3f
37,b6201b9f39c52a618096d0dbd6c65489
38,afc06febb98a14bfc95630e9a27f0bb8
39,3fbe7480542ab3695be41e42662d5607
40,3c734b9b16618bebf4f7e6b105dfee20
41,1b47605dd486ec1daacc1feb4193536c
42,8202944c410230c8544c4e33412c7fc3
43,6a8dfed70df6525e9af3d10e7e44d656
44,6ddf05ec8ac6514e6ea5b2d00a4fd4e3
45,19923c6b5b60050a405b3d21a6de30a8
46,aeca297c52dbcf9a7c62eb6c2be0b584
47,193f547e9435cbef6a4c984f41928eb1
48,e13ee1b4882bf9258301dc7c203054ba
49,5d774afa37017f2838c90a032e79f2d3
50,bc4f13213aa6dc26570e30476d157c4e
51,870cd33f97a39e6d91f2cb3309ef00d1
52,a2a58db8cd8267db2ddeb7b72ee32be7
53,5671390540212b4fb09fedee394f7121
54,46d33287cf03f90356fbb33a3dde3e71
55,95babb24100a06d834a8d80ebf742d15
56,2a0e255e3661cfff5af1fb6144b294b3
57,aca405e49c7e301e7d68ec2c90e78217
58,c5e4049818586bb983e845c3944a6b69
59,75a4d1e1e753b8ab85141e391f064c47
60,1b9e1f1615e716891ded2d4f44350693
61,4d095453c55538543a3e3b6d59b79337
62,ce41565470ebe6f04df4ab4b99f91572
63,247683e988277bae8fb4cae852ff60c9
64,874497193cd754abbcc53c41d627b353
65,4d32c8be34efacc098c117f5a6e51299
66,097070e519eba776114438e5e012b372
67,42f5d252847f32a3495a01e986215210
68,9538fd81580e2a32f6c08d9199e132d7
69,21408a723d1fa02e8a2e449727e1cd75
70,aa66d308db35a0256ba826528a81d723
71,7457c9e5e93a1fbf9582d4885e4abb1e
72,0d4792902c1339b7e3b12aa9e94c5636
73,b07691d796e60324377293b9a85783de
74,7afc1541fe096a1fff29974a12a9a65d
75,82de30773390c590b210620aa59a5851
76,02aff2ab815ef2827dcd66348b8fbeb0
77,651de1fefb824aaa386cd7a23ec5a34b
78,91bb6903ba44ac086738cb2de2013a70
79,15bebb721af1f7b567898f7347adba3d
80,f9611ef1d08f71416fa530e7319bc85e
81,ddef0e048bdf481de4b067db5a0eda86
82,aa42d0b68d7af5a3c1575480afbba07d
83,4344fae997f6b636ecabc3a0bd33b96d
84,9d7daee50a165c27a34262645ab279d8
85,09e74f34254f32e249a471f7b3385ec3
86,2ecfd6b8d782c978256dc11b406cd1cc
87,31b4efcff09690210affe915566a23b1
88,2aaa5d95097f6786e1811e69b3fa0cd9
89,8061581cb1dc627d3670916a3d10e1f4
90,c2950666046dcb66e47203f2e63cf0ec
91,195ae4bcf72f9a6a31d856f04d07bbd4
92,d512df02f15d7e77ee076881f387420d
93,1ef02f5f29a438638e1d63ad4a8308de
94,c24b9f35e222b09b99aa1c68e78b028b
95,f2e6254a21597ee2cd938baea116dfc5
96,507384384e228afb64ee20a6bfd96d83
97,197a5de68f8ea540a010a6dff797ae19
98,f1335ac4e2d07521594f565d6abefcf8
99,5dd3856fa4ef335b8f802be85601260e
100,cad6085cdf9245cb7688f95375dd360d
